customer,net_sales_mil,net_sales_pct
"Amazon ",109.16,13.257387
"Atliq Exclusive",79.91,9.705000
"Atliq e Store",70.13,8.517228
Sage,27.12,3.293700
Flipkart,25.22,3.062947
Leader,24.58,2.985220
Neptune,20.96,2.545574
Ebay,19.84,2.409551
Electricalsocity,16.21,1.968690
Synthetic,16.09,1.954117
